risk_level,Count,Percentage
Low,4251,59.67991015021761
Mid,2162,30.352379615330623
High,710,9.967710234451776
