,age,parity,gravidity,number_of_antenatal_visits,gestational_age_at_delivery,apgar_score,gestational_age_at_first_visit,birth_weight_kg
count,7123.0,7123.0,7123.0,7123.0,7123.0,7123.0,7123.0,7123.0
mean,27.48926014319809,2.000561561139969,3.010950442229398,4.958023304787309,38.4891197529131,8.006626421451635,11.518742103046469,3.210153025410641
std,5.969570035945835,1.3564410373496298,1.5719720167845597,2.1139421965231024,1.525497363011965,0.9795699668637349,2.981555391729527,0.49962782177574405
min,14.0,0.0,0.0,0.0,33.0,4.3,4.0,1.5
25%,23.0,1.0,2.0,3.0,37.0,7.3,9.0,2.88
50%,27.0,2.0,3.0,5.0,39.0,8.0,11.0,3.22
75%,32.0,3.0,4.0,6.0,40.0,8.7,14.0,3.54
max,50.0,5.0,7.0,9.0,42.0,10.0,20.0,5.0
